<?xml version="1.0" encoding="utf-8" standalone="yes" ?>
<rss version="2.0" xmlns:atom="http://www.w3.org/2005/Atom">
  <channel>
    <title>Silver on Redback Racing UNSW</title>
    <link>http://redbackracing63.com/categories/silver/</link>
    <description>Recent content in Silver on Redback Racing UNSW</description>
    <generator>Hugo -- gohugo.io</generator>
    <language>en-us</language>
    
	<atom:link href="http://redbackracing63.com/categories/silver/index.xml" rel="self" type="application/rss+xml" />
    
    
    <item>
      <title>Accurate Repetition</title>
      <link>http://redbackracing63.com/sponsor/accurate/</link>
      <pubDate>Mon, 01 Jan 0001 00:00:00 +0000</pubDate>
      
      <guid>http://redbackracing63.com/sponsor/accurate/</guid>
      <description></description>
    </item>
    
    <item>
      <title>Atlassian</title>
      <link>http://redbackracing63.com/sponsor/atlassian/</link>
      <pubDate>Mon, 01 Jan 0001 00:00:00 +0000</pubDate>
      
      <guid>http://redbackracing63.com/sponsor/atlassian/</guid>
      <description></description>
    </item>
    
    <item>
      <title>Autohaus</title>
      <link>http://redbackracing63.com/sponsor/autohaus/</link>
      <pubDate>Mon, 01 Jan 0001 00:00:00 +0000</pubDate>
      
      <guid>http://redbackracing63.com/sponsor/autohaus/</guid>
      <description></description>
    </item>
    
    <item>
      <title>Bankstown Paceway</title>
      <link>http://redbackracing63.com/sponsor/bankstown_paceway/</link>
      <pubDate>Mon, 01 Jan 0001 00:00:00 +0000</pubDate>
      
      <guid>http://redbackracing63.com/sponsor/bankstown_paceway/</guid>
      <description></description>
    </item>
    
    <item>
      <title>Industry NSW</title>
      <link>http://redbackracing63.com/sponsor/industrynsw/</link>
      <pubDate>Mon, 01 Jan 0001 00:00:00 +0000</pubDate>
      
      <guid>http://redbackracing63.com/sponsor/industrynsw/</guid>
      <description></description>
    </item>
    
    <item>
      <title>Picton Karting Track</title>
      <link>http://redbackracing63.com/sponsor/pikton/</link>
      <pubDate>Mon, 01 Jan 0001 00:00:00 +0000</pubDate>
      
      <guid>http://redbackracing63.com/sponsor/pikton/</guid>
      <description></description>
    </item>
    
    <item>
      <title>Textreme</title>
      <link>http://redbackracing63.com/sponsor/textreme/</link>
      <pubDate>Mon, 01 Jan 0001 00:00:00 +0000</pubDate>
      
      <guid>http://redbackracing63.com/sponsor/textreme/</guid>
      <description></description>
    </item>
    
  </channel>
</rss>