<?xml version="1.0" encoding="utf-8" standalone="yes" ?>
<rss version="2.0" xmlns:atom="http://www.w3.org/2005/Atom">
  <channel>
    <title>Bronze on Redback Racing UNSW</title>
    <link>http://redbackracing63.com/categories/bronze/</link>
    <description>Recent content in Bronze on Redback Racing UNSW</description>
    <generator>Hugo -- gohugo.io</generator>
    <language>en-us</language>
    
	<atom:link href="http://redbackracing63.com/categories/bronze/index.xml" rel="self" type="application/rss+xml" />
    
    
    <item>
      <title>Autofrost</title>
      <link>http://redbackracing63.com/sponsor/autofrost/</link>
      <pubDate>Mon, 01 Jan 0001 00:00:00 +0000</pubDate>
      
      <guid>http://redbackracing63.com/sponsor/autofrost/</guid>
      <description></description>
    </item>
    
    <item>
      <title>Automotive Superstore</title>
      <link>http://redbackracing63.com/sponsor/automotivess/</link>
      <pubDate>Mon, 01 Jan 0001 00:00:00 +0000</pubDate>
      
      <guid>http://redbackracing63.com/sponsor/automotivess/</guid>
      <description></description>
    </item>
    
    <item>
      <title>Ayres</title>
      <link>http://redbackracing63.com/sponsor/ayrescom/</link>
      <pubDate>Mon, 01 Jan 0001 00:00:00 +0000</pubDate>
      
      <guid>http://redbackracing63.com/sponsor/ayrescom/</guid>
      <description></description>
    </item>
    
    <item>
      <title>Heat Treatment Australia</title>
      <link>http://redbackracing63.com/sponsor/heat/</link>
      <pubDate>Mon, 01 Jan 0001 00:00:00 +0000</pubDate>
      
      <guid>http://redbackracing63.com/sponsor/heat/</guid>
      <description></description>
    </item>
    
    <item>
      <title>Hi-Tec Batteries</title>
      <link>http://redbackracing63.com/sponsor/hitec/</link>
      <pubDate>Mon, 01 Jan 0001 00:00:00 +0000</pubDate>
      
      <guid>http://redbackracing63.com/sponsor/hitec/</guid>
      <description></description>
    </item>
    
    <item>
      <title>JKF Aero</title>
      <link>http://redbackracing63.com/sponsor/jkf/</link>
      <pubDate>Mon, 01 Jan 0001 00:00:00 +0000</pubDate>
      
      <guid>http://redbackracing63.com/sponsor/jkf/</guid>
      <description></description>
    </item>
    
    <item>
      <title>Labjack</title>
      <link>http://redbackracing63.com/sponsor/labjack/</link>
      <pubDate>Mon, 01 Jan 0001 00:00:00 +0000</pubDate>
      
      <guid>http://redbackracing63.com/sponsor/labjack/</guid>
      <description></description>
    </item>
    
    <item>
      <title>MW Ignitions</title>
      <link>http://redbackracing63.com/sponsor/mwignitions/</link>
      <pubDate>Mon, 01 Jan 0001 00:00:00 +0000</pubDate>
      
      <guid>http://redbackracing63.com/sponsor/mwignitions/</guid>
      <description></description>
    </item>
    
    <item>
      <title>McConaghy Boats</title>
      <link>http://redbackracing63.com/sponsor/mcconaghy/</link>
      <pubDate>Mon, 01 Jan 0001 00:00:00 +0000</pubDate>
      
      <guid>http://redbackracing63.com/sponsor/mcconaghy/</guid>
      <description></description>
    </item>
    
    <item>
      <title>Motoring.com.au</title>
      <link>http://redbackracing63.com/sponsor/motoring/</link>
      <pubDate>Mon, 01 Jan 0001 00:00:00 +0000</pubDate>
      
      <guid>http://redbackracing63.com/sponsor/motoring/</guid>
      <description></description>
    </item>
    
    <item>
      <title>Newington College</title>
      <link>http://redbackracing63.com/sponsor/newington/</link>
      <pubDate>Mon, 01 Jan 0001 00:00:00 +0000</pubDate>
      
      <guid>http://redbackracing63.com/sponsor/newington/</guid>
      <description></description>
    </item>
    
    <item>
      <title>Part Sales</title>
      <link>http://redbackracing63.com/sponsor/partsales/</link>
      <pubDate>Mon, 01 Jan 0001 00:00:00 +0000</pubDate>
      
      <guid>http://redbackracing63.com/sponsor/partsales/</guid>
      <description></description>
    </item>
    
    <item>
      <title>Peak Powdercoating</title>
      <link>http://redbackracing63.com/sponsor/peakpowder/</link>
      <pubDate>Mon, 01 Jan 0001 00:00:00 +0000</pubDate>
      
      <guid>http://redbackracing63.com/sponsor/peakpowder/</guid>
      <description></description>
    </item>
    
    <item>
      <title>Phenix Industries</title>
      <link>http://redbackracing63.com/sponsor/phenix/</link>
      <pubDate>Mon, 01 Jan 0001 00:00:00 +0000</pubDate>
      
      <guid>http://redbackracing63.com/sponsor/phenix/</guid>
      <description></description>
    </item>
    
    <item>
      <title>Ricardo Software</title>
      <link>http://redbackracing63.com/sponsor/ricardo/</link>
      <pubDate>Mon, 01 Jan 0001 00:00:00 +0000</pubDate>
      
      <guid>http://redbackracing63.com/sponsor/ricardo/</guid>
      <description></description>
    </item>
    
    <item>
      <title>Rivtec</title>
      <link>http://redbackracing63.com/sponsor/rivtec/</link>
      <pubDate>Mon, 01 Jan 0001 00:00:00 +0000</pubDate>
      
      <guid>http://redbackracing63.com/sponsor/rivtec/</guid>
      <description></description>
    </item>
    
    <item>
      <title>Scorch</title>
      <link>http://redbackracing63.com/sponsor/scorch/</link>
      <pubDate>Mon, 01 Jan 0001 00:00:00 +0000</pubDate>
      
      <guid>http://redbackracing63.com/sponsor/scorch/</guid>
      <description></description>
    </item>
    
    <item>
      <title>Sell My Car</title>
      <link>http://redbackracing63.com/sponsor/sellmycar/</link>
      <pubDate>Mon, 01 Jan 0001 00:00:00 +0000</pubDate>
      
      <guid>http://redbackracing63.com/sponsor/sellmycar/</guid>
      <description></description>
    </item>
    
    <item>
      <title>Southern Fasteners</title>
      <link>http://redbackracing63.com/sponsor/southernfasteners/</link>
      <pubDate>Mon, 01 Jan 0001 00:00:00 +0000</pubDate>
      
      <guid>http://redbackracing63.com/sponsor/southernfasteners/</guid>
      <description></description>
    </item>
    
    <item>
      <title>Sprockets Australia</title>
      <link>http://redbackracing63.com/sponsor/sprockets/</link>
      <pubDate>Mon, 01 Jan 0001 00:00:00 +0000</pubDate>
      
      <guid>http://redbackracing63.com/sponsor/sprockets/</guid>
      <description></description>
    </item>
    
    <item>
      <title>Stratton Finance</title>
      <link>http://redbackracing63.com/sponsor/stratton/</link>
      <pubDate>Mon, 01 Jan 0001 00:00:00 +0000</pubDate>
      
      <guid>http://redbackracing63.com/sponsor/stratton/</guid>
      <description></description>
    </item>
    
    <item>
      <title>Swadlings</title>
      <link>http://redbackracing63.com/sponsor/swadlings/</link>
      <pubDate>Mon, 01 Jan 0001 00:00:00 +0000</pubDate>
      
      <guid>http://redbackracing63.com/sponsor/swadlings/</guid>
      <description></description>
    </item>
    
    <item>
      <title>TE connectivity</title>
      <link>http://redbackracing63.com/sponsor/te/</link>
      <pubDate>Mon, 01 Jan 0001 00:00:00 +0000</pubDate>
      
      <guid>http://redbackracing63.com/sponsor/te/</guid>
      <description></description>
    </item>
    
    <item>
      <title>Trenz</title>
      <link>http://redbackracing63.com/sponsor/trenz/</link>
      <pubDate>Mon, 01 Jan 0001 00:00:00 +0000</pubDate>
      
      <guid>http://redbackracing63.com/sponsor/trenz/</guid>
      <description></description>
    </item>
    
  </channel>
</rss>