<?xml version="1.0" encoding="utf-8" standalone="yes" ?>
<rss version="2.0" xmlns:atom="http://www.w3.org/2005/Atom">
  <channel>
    <title>Categories on Redback Racing UNSW</title>
    <link>http://redbackracing63.com/categories/</link>
    <description>Recent content in Categories on Redback Racing UNSW</description>
    <generator>Hugo -- gohugo.io</generator>
    <language>en-us</language>
    <lastBuildDate>Sat, 10 Mar 2018 15:58:09 +1100</lastBuildDate>
    
	<atom:link href="http://redbackracing63.com/categories/index.xml" rel="self" type="application/rss+xml" />
    
    
    <item>
      <title>Blog</title>
      <link>http://redbackracing63.com/categories/blog/</link>
      <pubDate>Sat, 10 Mar 2018 15:58:09 +1100</pubDate>
      
      <guid>http://redbackracing63.com/categories/blog/</guid>
      <description></description>
    </item>
    
    <item>
      <title>Bronze</title>
      <link>http://redbackracing63.com/categories/bronze/</link>
      <pubDate>Mon, 01 Jan 0001 00:00:00 +0000</pubDate>
      
      <guid>http://redbackracing63.com/categories/bronze/</guid>
      <description></description>
    </item>
    
    <item>
      <title>Gold</title>
      <link>http://redbackracing63.com/categories/gold/</link>
      <pubDate>Mon, 01 Jan 0001 00:00:00 +0000</pubDate>
      
      <guid>http://redbackracing63.com/categories/gold/</guid>
      <description></description>
    </item>
    
    <item>
      <title>Red</title>
      <link>http://redbackracing63.com/categories/red/</link>
      <pubDate>Mon, 01 Jan 0001 00:00:00 +0000</pubDate>
      
      <guid>http://redbackracing63.com/categories/red/</guid>
      <description></description>
    </item>
    
    <item>
      <title>Silver</title>
      <link>http://redbackracing63.com/categories/silver/</link>
      <pubDate>Mon, 01 Jan 0001 00:00:00 +0000</pubDate>
      
      <guid>http://redbackracing63.com/categories/silver/</guid>
      <description></description>
    </item>
    
    <item>
      <title>Team</title>
      <link>http://redbackracing63.com/categories/team/</link>
      <pubDate>Mon, 01 Jan 0001 00:00:00 +0000</pubDate>
      
      <guid>http://redbackracing63.com/categories/team/</guid>
      <description></description>
    </item>
    
  </channel>
</rss>