<?xml version="1.0" encoding="utf-8" standalone="yes" ?>
<rss version="2.0" xmlns:atom="http://www.w3.org/2005/Atom">
  <channel>
    <title>Gold on Redback Racing UNSW</title>
    <link>http://redbackracing63.com/categories/gold/</link>
    <description>Recent content in Gold on Redback Racing UNSW</description>
    <generator>Hugo -- gohugo.io</generator>
    <language>en-us</language>
    
	<atom:link href="http://redbackracing63.com/categories/gold/index.xml" rel="self" type="application/rss+xml" />
    
    
    <item>
      <title>Aprilia</title>
      <link>http://redbackracing63.com/sponsor/aprilia/</link>
      <pubDate>Mon, 01 Jan 0001 00:00:00 +0000</pubDate>
      
      <guid>http://redbackracing63.com/sponsor/aprilia/</guid>
      <description></description>
    </item>
    
    <item>
      <title>Calm Aluminium</title>
      <link>http://redbackracing63.com/sponsor/calm/</link>
      <pubDate>Mon, 01 Jan 0001 00:00:00 +0000</pubDate>
      
      <guid>http://redbackracing63.com/sponsor/calm/</guid>
      <description></description>
    </item>
    
    <item>
      <title>Capral</title>
      <link>http://redbackracing63.com/sponsor/capral/</link>
      <pubDate>Mon, 01 Jan 0001 00:00:00 +0000</pubDate>
      
      <guid>http://redbackracing63.com/sponsor/capral/</guid>
      <description></description>
    </item>
    
    <item>
      <title>Schaeffler</title>
      <link>http://redbackracing63.com/sponsor/schaeffler/</link>
      <pubDate>Mon, 01 Jan 0001 00:00:00 +0000</pubDate>
      
      <guid>http://redbackracing63.com/sponsor/schaeffler/</guid>
      <description></description>
    </item>
    
    <item>
      <title>Sorensen Engineering</title>
      <link>http://redbackracing63.com/sponsor/sorenson/</link>
      <pubDate>Mon, 01 Jan 0001 00:00:00 +0000</pubDate>
      
      <guid>http://redbackracing63.com/sponsor/sorenson/</guid>
      <description></description>
    </item>
    
    <item>
      <title>Sydney Dragway</title>
      <link>http://redbackracing63.com/sponsor/sydney_dragway/</link>
      <pubDate>Mon, 01 Jan 0001 00:00:00 +0000</pubDate>
      
      <guid>http://redbackracing63.com/sponsor/sydney_dragway/</guid>
      <description></description>
    </item>
    
  </channel>
</rss>